Integer_0,String_1,Integer_2,String_3,Float_4,Integer_5,String_6,Float_7,FILE_IMG_8,FILE_DATA_9,FILE_DATA_10,FILE_IMG_11,FILE_DATA_12
93,pEwrlFe,47,rKxlIXN,69.8823019756,8,OZIUwfw,98.5355084135,img/img13.png,abc.csv,abc.csv,img/img10.png,abc.csv
24,imbUvPz,NaN,NDluhFc,50.8861839571,98,qoJJtkn,75.4801583705,img/img7.png,abc.csv,abc.csv,,abc.csv
11,hIMBfcI,79,wpwhxUS,50.9703130616,61,BNuKIJr,28.4543142162,img/img11.png,abc.csv,abc.csv,img/img4.png,abc.csv
84,aaAjavi,12,YKXPuUX,55.5763319295,22,cHbOVQK,38.814207765,img/img15.png,abc.csv,abc.csv,img/img1.png,abc.csv
69,KapIqiS,62,kwygGNv,70.633031528,73,pdvXXvt,10.87945321,img/img4.png,abc.csv,abc.csv,img/img6.png,
34,XstyJAM,NaN,AjBztIs,87.4798807285,75,BSHjbKj,89.5960424934,img/img11.png,abc.csv,abc.csv,img/img3.png,abc.csv
0,IKxvPLR,58,wCoKyNG,50.3324144422,92,eJNGFXq,86.8079127542,img/img8.png,abc.csv,abc.csv,img/img10.png,abc.csv
91,ooFBPXH,86,uuFDuVN,35.3969904458,4,sRizZjy,20.9959103324,img/img16.png,abc.csv,abc.csv,img/img15.png,abc.csv
97,NbBpesH,53,kEzMASh,61.0951004895,66,EQlBTNT,42.9265992419,img/img3.png,abc.csv,abc.csv,img/img11.png,abc.csv
9,orsGLSF,26,DNFezsj,39.4525915162,25,xMIZMol,5.23479670014,img/img3.png,abc.csv,abc.csv,img/img8.png,abc.csv
60,cgnBvTP,38,wftvTBn,40.8022398078,47,fqMawPe,89.2745803189,img/img2.png,abc.csv,abc.csv,img/img11.png,abc.csv
,kZMTHgb,87,xMYTfDO,60.0880579938,48,NeAFDVy,66.9254132711,img/img5.png,abc.csv,abc.csv,,abc.csv
73,,,kPoJaGc,69.3445945146,,zXJRYIo,99.4271682325,img/img6.png,abc.csv,abc.csv,img/img13.png,abc.csv
92,LLUBIFr,81,,18.307522518,10,bpglfoy,67.1303588577,img/img3.png,abc.csv,abc.csv,img/img13.png,abc.csv
27,IBdHhMc,93,VplxqKd,86.4114434559,80,FpguTRN,13.9206945855,img/img1.png,abc.csv,abc.csv,img/img1.png,abc.csv
2,JKzcPSl,22,GhSWolB,67.9790666304,39,CeZvict,8.26992761916,img/img5.png,abc.csv,abc.csv,img/img3.png,abc.csv
73,mGAYyzL,85,SdHRscu,53.8253641604,NaN,,55.7331007597,img/img4.png,abc.csv,abc.csv,img/img4.png,abc.csv
,VjSraoo,96,ijrwAVo,40.5630745815,98,NqLJQqP,77.6891588224,img/img15.png,abc.csv,abc.csv,,abc.csv
89,avoYoks,50,WVGwRca,85.7123784943,25,wvGLoRe,90.4742835375,img/img14.png,abc.csv,abc.csv,img/img6.png,abc.csv
25,nkHMbox,27,xIHTssZ,87.3636456852,27,CNNDZXE,41.6404775827,img/img5.png,abc.csv,abc.csv,img/img4.png,abc.csv
45,XJTfwKz,51,wKAqWCE,NaN,4,URpFeEb,87.0282064395,img/img13.png,abc.csv,abc.csv,img/img12.png,abc.csv
75,eZfQXRv,51,lSPfxia,36.0514863241,61,BaYPrLb,,img/img3.png,abc.csv,,,abc.csv
34,npqShpN,40,,58.4915944472,37,fvdehxl,27.6129881116,img/img14.png,abc.csv,abc.csv,img/img13.png,abc.csv
78,CTDfBTE,83,bLNOQBa,5.46616918232,,icUCywv,52.0071221758,img/img5.png,abc.csv,abc.csv,img/img9.png,abc.csv
63,fnkOoiQ,63,DVdECBc,70.9570730937,20,zOMcYSy,94.5565246849,img/img14.png,abc.csv,abc.csv,img/img15.png,abc.csv
NaN,PYnFZua,69,rIzbYBx,NaN,41,OcBGXRY,92.282909825,img/img15.png,abc.csv,abc.csv,img/img3.png,abc.csv
53,SZUkTFO,25,uLakhxq,99.2870520637,38,aielTsh,67.48174026,img/img13.png,abc.csv,,img/img12.png,
26,uhLsMos,38,hdwmmXb,33.3599764727,34,nGeMamw,31.9456513273,img/img9.png,abc.csv,abc.csv,img/img7.png,abc.csv
4,HzXOUal,74,mcoeGlg,NaN,41,ARWTyRg,46.9415705002,img/img5.png,abc.csv,abc.csv,img/img12.png,abc.csv
76,,NaN,wVIJXWF,71.8302799911,47,,26.4818895255,,abc.csv,abc.csv,img/img1.png,abc.csv
,,93,ZYTpFiW,97.4214151059,91,dsqNSVf,12.7784776379,img/img3.png,abc.csv,,,abc.csv
26,mzmAUCr,27,ZKJaoBD,9.78019218925,8,sSgtWRM,2.24620043547,img/img8.png,abc.csv,abc.csv,img/img3.png,abc.csv
17,AQQSLSV,14,OncwBvM,77.104758223,12,nQkEVZS,28.7360002296,img/img16.png,abc.csv,abc.csv,img/img4.png,abc.csv
20,WvkIYIH,39,tHhXoOZ,71.9477090573,32,pNienDA,54.7822804124,img/img16.png,abc.csv,abc.csv,img/img15.png,abc.csv
21,gEDkQbN,54,hsgKWXR,38.3394102981,78,XHKGZhc,45.7384982019,img/img16.png,abc.csv,abc.csv,img/img8.png,abc.csv
13,XsNNBCK,57,IdQAPza,14.9901012208,74,OxqyDjS,,img/img6.png,abc.csv,abc.csv,img/img2.png,abc.csv
NaN,LgyZtqN,32,nmKcyVb,70.3508233844,1,uLxdkli,45.8987757245,img/img10.png,,abc.csv,img/img14.png,abc.csv
54,kVtWrde,,otcqxfF,,29,VWTmYwM,NaN,img/img16.png,abc.csv,abc.csv,img/img2.png,abc.csv
37,kliWhiq,68,YwQfFsw,57.8448011699,59,DRiMmCz,86.0479170005,,abc.csv,abc.csv,img/img7.png,abc.csv
27,IJpCAJG,72,uZEbCfw,85.2851764326,NaN,HotGnbx,81.5101882719,img/img8.png,abc.csv,abc.csv,,abc.csv
3,gQSeDqP,82,EsnOitR,16.4854968661,10,AZVSbQm,59.1451308925,img/img13.png,abc.csv,abc.csv,,abc.csv
28,vOyZIwc,25,MXRYDAD,78.4348267423,59,QFuVqwz,35.9692612253,,abc.csv,abc.csv,img/img14.png,abc.csv
35,SkYGZeD,67,QFeRCdo,NaN,3,WUHbRLd,98.8860290672,img/img1.png,abc.csv,abc.csv,img/img11.png,abc.csv
91,MjqjahN,50,zvSnsqB,58.0892320519,75,nAJSKkv,80.7000413263,,,abc.csv,img/img6.png,abc.csv
87,,,hxhMuKq,81.9541419772,97,fxCoRYd,61.0563827063,img/img10.png,abc.csv,abc.csv,img/img3.png,abc.csv
NaN,FYdRAvQ,15,plRCAND,50.4988641709,40,mldApEi,10.7749417707,img/img8.png,abc.csv,,img/img11.png,abc.csv
,KNUiOXi,81,FBSufMM,2.35060314652,12,NqtFwAI,72.222779294,img/img3.png,abc.csv,abc.csv,,abc.csv
NaN,SOLjMaz,59,QOxkHNd,24.1067977617,NaN,HnSGzJo,78.6808646794,,abc.csv,abc.csv,img/img4.png,abc.csv
90,RXmyydY,58,csxLELo,81.1403501392,15,efsKIHv,24.586823689,img/img5.png,abc.csv,abc.csv,img/img4.png,abc.csv
43,eLHYZaV,78,qJPigOb,42.2211049071,36,LixjDfF,51.2675606299,img/img4.png,abc.csv,abc.csv,img/img14.png,abc.csv
85,weOWvgU,97,,92.304829816,17,KkupBBg,90.6802430653,img/img13.png,abc.csv,abc.csv,img/img11.png,abc.csv
10,ABfoEep,90,Xsusulo,89.3786626378,56,WMulnco,NaN,img/img10.png,abc.csv,abc.csv,img/img9.png,abc.csv
21,SLoQlHD,29,iZpMkGr,,10,ZGBErro,73.1129824878,img/img9.png,abc.csv,abc.csv,img/img2.png,abc.csv
29,tAWBhbI,46,,NaN,60,VhznRAU,67.2000759619,img/img4.png,abc.csv,abc.csv,img/img7.png,abc.csv
18,UXoMDXJ,3,dEmPHqz,58.2989975641,4,VFBCMXp,46.6104794768,img/img6.png,abc.csv,abc.csv,img/img7.png,abc.csv
81,NWyiIWG,70,wXvqjcn,4.04960274626,1,nNuJGRg,46.5878186764,,abc.csv,abc.csv,img/img12.png,abc.csv
1,PrchdnK,NaN,bwBPrAj,NaN,60,cMcWDlh,20.7806022151,img/img8.png,abc.csv,abc.csv,img/img4.png,abc.csv
76,,1,VBlCrxG,84.530458403,,QmrysjI,27.8184335888,img/img6.png,abc.csv,abc.csv,img/img12.png,abc.csv
,gpUxxFl,NaN,WWsMXuV,61.6582695304,35,BPOZWEx,46.4093895953,img/img7.png,abc.csv,abc.csv,img/img3.png,abc.csv
63,NgMBHXL,40,nTIjJNZ,87.4368368463,59,ooHKXxj,2.41850305583,img/img7.png,abc.csv,abc.csv,img/img3.png,abc.csv
,cFHKiyr,NaN,psDNbWA,86.5852434789,49,sNThtLM,70.7081326743,img/img1.png,abc.csv,abc.csv,img/img7.png,abc.csv
96,LfICwvC,98,FnZiCaD,24.9765114847,41,TNikWAO,,img/img4.png,abc.csv,abc.csv,img/img5.png,
NaN,rVmiFkx,36,bjqDFcl,85.2343648954,0,yypqIkt,19.1340572377,img/img4.png,abc.csv,abc.csv,img/img3.png,abc.csv
10,WyTxktZ,45,hVNrFhL,17.417242049,35,SxBFhqC,39.7624332166,img/img10.png,abc.csv,abc.csv,img/img4.png,abc.csv
48,lAVtFhU,27,CsOnkun,NaN,NaN,brtRTSx,26.3127416148,img/img5.png,abc.csv,abc.csv,img/img4.png,abc.csv
68,TydDmWu,76,wiBCJzF,36.325915656,63,tlxsIkj,21.3219465156,,abc.csv,abc.csv,img/img2.png,abc.csv
17,oEakfQz,68,EqwEKrI,41.7614541111,33,zwhasNR,5.19690872557,img/img4.png,abc.csv,abc.csv,img/img6.png,abc.csv
NaN,xzHadUL,42,VQcnSxa,,71,xkQvIgn,55.7472767808,img/img9.png,abc.csv,abc.csv,img/img16.png,abc.csv
86,YCNBvxh,24,VYdHjKI,23.9043017784,40,QDZgfaV,14.2055864495,img/img16.png,abc.csv,abc.csv,img/img15.png,abc.csv
0,uBkscEs,85,,46.5003116211,48,,28.9727826526,img/img3.png,abc.csv,abc.csv,img/img8.png,abc.csv
22,kVhGAdb,49,BrusTAO,29.7445991608,91,FPgMttB,32.7233040291,img/img2.png,abc.csv,abc.csv,img/img2.png,abc.csv
66,qusDZWO,98,zSmJmoL,9.0405281608,21,KqBsaBp,NaN,img/img9.png,abc.csv,abc.csv,,abc.csv
73,jkABRFk,97,tDMoeLd,37.0053927476,28,FSvRnYX,20.2315050756,img/img6.png,abc.csv,abc.csv,img/img16.png,abc.csv
54,NkyxbxL,27,jFcFrFs,48.4225849877,50,,93.3046137733,img/img8.png,abc.csv,abc.csv,img/img4.png,abc.csv
76,cvlzkkj,,EDqiecl,69.978599017,71,VbguqrK,80.7297243224,img/img6.png,abc.csv,abc.csv,img/img16.png,abc.csv
16,mHqcYEt,96,Kkhkrvv,83.5186924951,43,xkbbfVv,51.7619016394,img/img2.png,abc.csv,abc.csv,img/img1.png,abc.csv
83,TTbbaRu,64,PnpjnVQ,2.35326537489,60,,61.0784402942,img/img14.png,abc.csv,abc.csv,img/img9.png,abc.csv
1,MJZxiYE,NaN,,11.9064109838,47,kuJGSlW,53.3133473746,img/img10.png,abc.csv,abc.csv,img/img2.png,abc.csv
78,ZiEMWFR,94,hmrIHdp,19.9281844696,9,tLlgvul,89.0804401118,img/img14.png,abc.csv,abc.csv,img/img3.png,abc.csv
91,Dhfjict,,TqLjvYi,77.1637030637,47,EIelekX,82.871205949,img/img9.png,abc.csv,abc.csv,img/img14.png,abc.csv
17,xKKNGML,63,ptlbDht,24.0706346571,36,,57.0752285147,,abc.csv,abc.csv,img/img8.png,abc.csv
9,MyOQPHo,26,QjQqukG,40.7819615631,37,WXqZHqG,,img/img6.png,abc.csv,abc.csv,img/img16.png,abc.csv
86,gWudnzz,95,Tkfdxxj,9.88635955549,89,AuZdRMN,91.9448359301,img/img15.png,abc.csv,,img/img12.png,abc.csv
2,uQGZMAy,97,NRIkEID,30.8028664531,18,uGoqutO,97.5500290069,img/img1.png,abc.csv,abc.csv,img/img13.png,abc.csv
34,ahJtqPK,84,YjuVAIM,53.4798750583,8,zhETZyq,0.170214738728,img/img13.png,abc.csv,abc.csv,img/img10.png,abc.csv
NaN,aBFnvKX,87,SVFfkGH,78.0265130534,,wUQvHrA,99.3324099454,img/img12.png,abc.csv,abc.csv,img/img14.png,abc.csv
19,ENPqOQd,64,,77.8026560944,NaN,NTuJuur,,img/img6.png,abc.csv,abc.csv,,abc.csv
98,cwUcwrY,2,qupjvNl,87.496000532,NaN,fMPGVlS,,img/img1.png,abc.csv,abc.csv,img/img11.png,abc.csv
35,UhdexKB,4,AUaWpIM,66.6147268243,66,LpqiOIv,54.8223597811,img/img5.png,abc.csv,abc.csv,img/img1.png,abc.csv
82,,74,HzUOOAq,,98,oiAmkit,57.0283532517,img/img10.png,abc.csv,abc.csv,img/img7.png,abc.csv
13,GFVjizb,46,spvSWnf,86.1133371426,29,YWqQHab,82.2452469292,img/img4.png,abc.csv,abc.csv,img/img16.png,abc.csv
63,kbXxUri,23,lLBncAM,85.1553955037,100,pEaVcLm,25.1451821402,img/img1.png,abc.csv,abc.csv,img/img3.png,abc.csv
48,qEovhtn,100,pOmYyTi,48.58852042,19,GXlnZeY,98.6498913074,,abc.csv,abc.csv,img/img15.png,abc.csv
7,pTVCUKQ,70,VBAuqgd,45.3573690177,98,quZtdOW,40.623267205,img/img3.png,abc.csv,abc.csv,img/img13.png,abc.csv
67,ttIuGMQ,73,bFjTlDD,54.4345694388,33,gQwbGNj,39.8274091777,img/img4.png,abc.csv,abc.csv,img/img14.png,abc.csv
4,UTPZiMv,35,OtZoLAw,99.2125397694,4,wkOABQZ,77.5898315538,img/img11.png,abc.csv,abc.csv,,abc.csv
82,UZUHpFI,47,RcyHfKm,47.2600944476,45,klXgZGM,29.2403877641,img/img2.png,abc.csv,abc.csv,img/img10.png,abc.csv
62,huiREqI,44,jJUmoNE,45.3671320429,5,ETimPZd,54.5846165745,img/img12.png,abc.csv,abc.csv,img/img14.png,
27,YowAAwN,NaN,jfBLMnR,48.5540935168,57,,64.74904164,img/img16.png,abc.csv,abc.csv,img/img11.png,abc.csv
3,JNuZaQY,34,OuTQgzT,,27,zaPVZss,43.7084537,img/img7.png,abc.csv,abc.csv,img/img14.png,abc.csv
